reviewId,userName,userImage,content,score,thumbsUpCount,reviewCreatedVersion,at,replyContent,repliedAt,appVersion
1bef2a25-9b58-429d-be5b-ea864f1343b3,Devan Febriansyah,https://play-lh.googleusercontent.com/a-/ALV-UjXECGWSyf4ISpPBfDX8FDdTmzKzO68owjm452zEab1vrVQ,"Aplikasi threads ini merupakan aplikasi yang mirip sekali dengan Twitter yah, hampir mirip hampir menyerupai Twitter yah, hehehe tapi aplikasi ini menurut saya pribadi sangatlah berguna bagi para penggunanya, karena aplikasi ini tuh bisa bermanfaat baik bagi masyarakat di negara kita maupun dari luar negeri sana.",5,0,301.0.0.30.109,2023-09-30 21:35:21,,,301.0.0.30.109
a8484922-c2ba-45fa-9dff-40713aa99060,Alga Wahyu Aditya,https://play-lh.googleusercontent.com/a-/ALV-UjUlRhPclHA69OOI1XnsNwzH5idzCqaIY7ic3le8hSM8aI0,"Sebenarnya sudah bagus, sayang fitur seperti hastag masih belum tersedia, semoga diupdate terbaru mas Mark Zuckerberg nambahin banyak fitur keren.",4,3,299.0.0.34.109,2023-09-12 20:04:50,,,299.0.0.34.109
d7e10b2e-29e6-4c6a-9a1f-6519c44ff8ad,Naseru 12,https://play-lh.googleusercontent.com/a-/ALV-UjU8oAuShYXQckQ9s3bUanXW-0usIeof6YRnGD3N6HEoEYU,"Threads gk ramah kayak dulu, padahal baru buka, tpi yg lewat cewek2 yg pada ngeliatin aurat nya, ni apk lama kayak fb co, mending ni apk di setting buat tulisan aja, gk usah ada upload2 gambar video segala, jadi kayak note aja",1,3,299.0.0.34.109,2023-09-12 15:41:35,,,299.0.0.34.109
11cb243c-55a6-4f2a-8ffd-666b47e9de93,Santi Yunitasari,https://play-lh.googleusercontent.com/a/ACg8ocKL64T64yP368y6XgY1t8X82qg36wKubejdsFNfv68X9w=mo,"Aplikasi nya gak bisa dibuka , cuman bisa liat beranda doang, dari cari, aktivitas sama akun gak bisa diliat, muncul tulisan ""Maaf, ada masalah. Coba lagi"" Sudah di uninstal masih aja gk bisa",1,3,299.0.0.34.109,2023-09-09 14:59:06,,,299.0.0.34.109
52b865fc-9ebd-447b-a228-034df90ef5f4,Hadi Santoso,https://play-lh.googleusercontent.com/a-/ALV-UjWHZzlW14U7Y4O8IVLCVMlzVTZ98EoO-tlYN7QgYPWv1w,Tambahin fitur translet bahasa dong. Bagi saya yang tidak mengerti bahasa asing untuk menikmati utasan orang lain yg pakai bahasa asing jadi tidak bisa! Nanti setelah ada fitur translet saya akan mengedit ulasan saya menjadi bintang 5. Mantap sudah di tambahan fitur nya‚≠ê‚≠ê‚≠ê‚≠ê‚≠ê,5,1,293.0.0.30.110,2023-08-05 21:55:21,,,293.0.0.30.110
918ce327-2873-40ce-89b1-4f8ff4ebcb8e,Kelvin Hxw,https://play-lh.googleusercontent.com/a-/ALV-UjVnI2X97c_4mD5uziFQc6vy--ixFxOPa8f6G3Jv4X5LnMY,"Saat memutar video, suara selalu mati, tolong sediakan settingan agar bisa selalu dibuka, agar tidak perlu buka suara satu2 videonya",3,4,294.0.0.27.110,2023-08-03 05:38:28,,,294.0.0.27.110
1159a6a4-3db2-49da-97cb-f7fedd8ac7df,Xidane Yusuf,https://play-lh.googleusercontent.com/a/ACg8ocLA_xuMtCbPj5bWaRei6DfYqAbzuF-BDQ0ShwkzYZyx=mo,"Sebenarnya, aplikasi ini bagus karena dapat mendampingi Instagram. Namun tak ada fitur Mode Gelap yang umum dijumpai diaplikasi lainnya.",1,2,292.0.0.31.110,2023-07-27 16:09:55,,,292.0.0.31.110
38ac874f-c628-475d-b2b2-eb360c896ac9,VR Lm,https://play-lh.googleusercontent.com/a/ACg8ocIynebxYVnwhCYxKlc0PX9U9_vzfF9PVjApbMm75ofs=mo,"Bagus bnget, tpi masih banyak kekurangan nya kaya *Tiap ganti liat video, videonya otomatis ngeMUTE sendiri *harus ada fitur markah biar sesuatu yg kita suka tinggal nyari di markah biar gk repot nyari ngeslide di akun yg sudah banyak postingannya *Harus ada fitur simpan ke galeri bagusnya buat video dan gambar juga",4,2,289.0.0.77.109,2023-07-26 21:04:38,,,289.0.0.77.109
2a4fd42b-1a0f-4761-b5b5-7eac8832b96a,Dimas Adhitya M.,https://play-lh.googleusercontent.com/a-/ALV-UjUC1CuaM8ICPJ4HP1FH1QwUc_7mlns4VN9XYLuxdvByJ8k,"Thumbnail website tidak tampil. üëé Padahal sebelumnya baik-baik saja. Pas mengetik, thumbnail awalnya tampil, tapi ketika diunggah, thumbnail berubah menjadi tidak tampil alias hanya berupa link.",1,15,292.0.0.31.110,2023-07-23 07:07:48,,,292.0.0.31.110
362dc621-17e2-4325-a6a9-690cdd76fb55,Suryanas,https://play-lh.googleusercontent.com/a/ACg8ocLhpQVyTSkOsweHSC8j4MKJwF2SXyeapk0LyLkf-e9S=mo,"Kita membutuhkan fitur terjemahan, dan juga fitur beralih akun, adain fitur hastag dan fitur download foto juga, semoga saran ini didengarkan agar ini aplikasi bisa semakin berkembang",1,5,289.0.0.77.109,2023-07-21 14:35:24,,,289.0.0.77.109
dbc3958c-1852-4db5-b2da-3c621b966641,Yogi 1201,https://play-lh.googleusercontent.com/a-/ALV-UjWEPQCFKYCqc8IgUVGuz0KbS3WFGd5IozJaO-Lt5sYDsRM,"Ketika mencoba aplikasi baru, saya kira tidak perlu login dulu, apakah tiktok melakukannya.. saya kira tidak perlu mengunci seseorang dengam login ketika ini adiktif",2,0,291.0.0.31.111,2023-07-18 23:11:37,,,291.0.0.31.111
bf6e9f9f-b754-4335-a8bc-3f9c79085fdc,Sekar Arum,https://play-lh.googleusercontent.com/a-/ALV-UjWVCqf4TyJUoTnXB-zha1Tzz-OTnPWMaJvgdjBZ-tWUzXs,"Sejauh ini app ringan & mudah digunakan, cuman untuk kolom search masih terbatas sehingga mohon diberikan logika tambahan berupa pencarian kata dari beberapa postingan threads sehingga dpt melakukan pencarian secara luas,, terimakasih",4,0,291.0.0.31.111,2023-07-18 14:29:17,,,291.0.0.31.111
6689ee55-4291-469e-8268-3958f4f1b577,Tam Roel,https://play-lh.googleusercontent.com/a-/ALV-UjWErZpbYZxuKoX6PbQnjx5UbdU5pa_V8uG3Qz_9ozPk8N-6,Saya menemukan bug Application. Ketika post vidio / foto ukuran besar sangat lemot. Muat berulang kali juga. Harus di compress dulu file nya,2,1,291.0.0.31.111,2023-07-16 20:34:08,,,291.0.0.31.111
15a6d489-9438-4dc4-9b42-cb8a27c6f592,Aghna Faqih,https://play-lh.googleusercontent.com/a-/ALV-UjV7MZxU7QyQo4CIIWe3ofXuFuUoJoIC-lLNT471iXi1tw,Bagus sih... Tapi kalau bisa tingkatkan lagi bisa untuk upload dari Instagram langsung bisa masuk ke Threads. Jadi tidak perlu upload dua kali ke Instagram dan Threads. Lebih simpel dan praktis. Seperti buat story dari Instagram ke FB,5,10,291.0.0.31.111,2023-07-16 00:33:50,,,291.0.0.31.111
37a040ec-97c2-4f79-85da-e196a74eb5f5,VERO,https://play-lh.googleusercontent.com/a-/ALV-UjVZUY-g160_26vukySlM3rxA7pBquweLZ0tr3ycxxYtRh8,"Ini masih banyak kekurangan, 1. Tidak ada terjemahan padahal yang mengunakan berbagai negara. 2. Tidak bisa mengirim pesan. Catatan: jangan pernah ada iklan di threads supaya tidak menjengkelkan. Cukup Instagram yang banyak iklan threads jangan. Thank you:)",2,2,289.0.0.77.109,2023-07-15 17:06:34,,,289.0.0.77.109
7d2b4652-46d6-4262-be3d-06bd2a9effb0,Niswatun very indah,https://play-lh.googleusercontent.com/a-/ALV-UjVAhpnWlZ1uhoBmMt7wciJJXHqJqZH2BTNJR7Qu4NxujA,"Gak ada tools buat terjemahan bahasa asing, gak bisa save postingan orang, mungkin bisa diperbaiki lagi. Tools penting dari instagram masukin kesini dong",3,1,291.0.0.31.111,2023-07-14 20:45:47,,,291.0.0.31.111
ef00501f-f236-48ba-9a7a-1bde4460d277,s. abdillah rouf,https://play-lh.googleusercontent.com/a-/ALV-UjWS-DfYb4ZuVTQgKMM72KLw6Fz6QjuFLfCILy5Yz1WdZUM,Saya kasih 4 dulu. Karna menurut saya kurang enak kalau berandanya isinya random sama orang yang ga kita follow. Jadi kalo bisa di pisah antara explore sama following,4,0,291.0.0.31.111,2023-07-14 13:27:08,,,291.0.0.31.111
db300784-6b11-46e0-ac3f-3fa28328934b,Alizar Official,https://play-lh.googleusercontent.com/a-/ALV-UjXO3G4FsAr80FuhtqyNezaewPsZRTJuNADpeO2zvCJRX-Y,Ini aplikasinya kenapa ya! padahal saya tidak ada follow orang tapi di notifikasi threads yang masuk ke saya kok saya bisa follow seseorang apakah memang seperti itukah? untuk loginnya juga menurut saya bisa di pisahkan saja kenapa harus di tautkan dgn aplikasi Instagram kenapa tidak di bikin login nya terpisah aja mungkin login nya bisa di buat menggunakan google atau kata sandi aja tersendiri? Jika mau menautkan aku Instagramnya mungkin bisa melalui pengaturan di aplikasi saja..,1,9,291.0.0.31.111,2023-07-14 00:11:25,,,291.0.0.31.111
64a982e3-f384-4c36-bdf1-45902417cc38,Diah Ummatul Ravika,https://play-lh.googleusercontent.com/a-/ALV-UjUvzxbny2ck5_DW48GpEZYeXdscPIkFqcOWDbtxvc7nGFc,"aplikasinya bagus, tapi akan lebih baik bisa diberikan fitur yang bisa ngeliat siapa yang gk follback kita, terus jangan terlalu dibatasi kegiatan kita seperti ngecek"" followers tiba"" eror gk bisa di cek lg hrus nunggu beberapa jam baru bisa baik lagi",4,2,291.0.0.31.111,2023-07-13 20:51:06,,,291.0.0.31.111
d526a3e4-7427-43e6-9931-fe59460830d6,theresia anik,https://play-lh.googleusercontent.com/a-/ALV-UjXkN454ZnlQ2lInKTiXMdmCQh6efhSDoKqAJhMm3shWpw,"Aku kasih bintang 3 dulu semoga bisa diperbaiki kedepannya, catatanku : belum ada fitur translate, beranda masih campur aduk padahal tidak memfollow, tidak ada tema untuk tampilan dark mode, fitur auto following dihilangkan saja, ada pilihan untuk hapus akun, tidak ada bookmark Semoga jadi perhatian terimakasih",3,97,291.0.0.31.111,2023-07-12 06:52:10,,,291.0.0.31.111
af208ca7-6d61-48f6-9bcc-652ada17b68a,Kuin Kuin,https://play-lh.googleusercontent.com/a/ACg8ocLLrqLF8ePEIWUebiiuDNOGsLieb6gx7gk_xhbkVB15=mo,"Yuhuu baru instal, baru coba, langsung nge bug. Mau bikin postingan dg menambahkan foto, eh langsung keluar aplikasi. D perbaiki lagi yaaaa",1,3,289.0.0.77.109,2023-07-11 18:40:38,,,289.0.0.77.109
f8f0473e-9dec-43f3-b413-bd5f4aacc4be,Dardiri Dardak,https://play-lh.googleusercontent.com/a-/ALV-UjWTpcZ2G_q8QjjMzw4XtjPjeTXSpPkUpdZ__gG2Y8WhmMpp,"pengalaman harii kedua setelah unduh threads, masih kurang handal untuk lampirkan foto atau vidio dengan file ukuran besar, belum dikompresi, jadinya gagal terunggah setelah beberapa kali mencoba, hapuslah akhirnya, karena cukup menganggu saat open threads berikutnya. Mungkin ini salah satu yang harus diperbaiki di aplikasi bin sofwarenya. sedangkan hal lainnya belum menemukan, jadi untuk saat awal cukuplah kasih 4 bintang",4,319,289.0.0.77.109,2023-07-11 09:45:43,,,289.0.0.77.109
7a617977-a169-4c00-82fa-f3f01a4fb576,Edd Ryan,https://play-lh.googleusercontent.com/a-/ALV-UjXAarh7uZNq-fFNOY_FgHwKVM8Q6GCTQ690TyM_iH3VWjc,"Saya masih belum menemukan apa yang khas dari Threads? Saya menyarankan agar ada fitur trending, namun bukan fitur trending biasa. Fitur trending yang bisa tingkat nasional dan tingkat provinsi agar pengguna Threads semakin aktif membahas peristiwa terkini tidak hanya di tingkat nasional tapi juga tingkat provinsi. Selain itu font dan warna font, saya pikir hitamnya terlalu tebal jadi terlalu strong ketika dilihat, pemilihan font nya juga kurang tepat krn terlalu kaku.",4,1,289.0.0.77.109,2023-07-11 07:49:27,,,289.0.0.77.109
b33c08d5-c7e1-4d59-9361-2295ab8b52e5,Afgha ‚ÄúShadows 14‚Äù Tsa Nanda,https://play-lh.googleusercontent.com/a-/ALV-UjXatNqFwf4Rbv8JUd8AIMsv2urhv-Ekdv3dh5S9Avsb7x8,"Sejauh ini cukup bagus. Untuk algoritma feeds mungkin bisa dipertahankan seperti ini tapi dengan mengurangi postingan rekomendasi, lebih utamakan postingan dari akun yang kita follow saja. Untuk yang lainnya mungkin hadirkan juga fitur terjemahan.",3,8,289.0.0.77.109,2023-07-11 01:24:13,,,289.0.0.77.109
a997d267-8557-4993-9363-29a487787828,Khalid Alhamda V.R,https://play-lh.googleusercontent.com/a-/ALV-UjUdKPsiAmLyTj5ZfeJbcUe1GNuVs5PsiE6fV_JsBeWXDA,"Aplikasi baru rilis dan masih tahap pengembangan udah dibilang ""saya telah menemukan beberapa bug di aplikasi threads ini"" Ga semua aplikasi yang baru rilis udah beres semua tol. Pemograman ga semudah itung duit",5,0,289.0.0.77.109,2023-07-10 23:44:25,,,289.0.0.77.109
f76dfef9-08fd-4f7d-aa6c-236ddd348b60,FREELANCE PROJECT,https://play-lh.googleusercontent.com/a/ACg8ocLr8U4XPOUclsSimAEsxMnfsRwgG9iROaKYLS8UpOBP=mo,"Saya menemukan bug di aplikasi ini, tidak ada menu keranjang kuningnya. Perlu banyak perbaikan karena biasa aja aplikasinya ga ada inovasinya, klo bisa aplikasinya yang menghasilkan uang juga bukan cuma dosa, jadilah meta bukan mata mata.",1,7,289.0.0.77.109,2023-07-10 13:24:45,,,289.0.0.77.109
369ae151-17af-44bc-9f12-04d26eeac65f,FebrianDD,https://play-lh.googleusercontent.com/a-/ALV-UjW0WHj4enHCxWRth-Q0nhg-kobLeZ_8NzhMQCzbHmxmh_o,"Aplikasi baru liris, masih ada banyak bug dan kendala server seperti buffering homepage yang terlalu lama padahal sudah clear data cache dan jaringan stabil, saat mau searching hanya muncul tampilan akun saja tidak ada postingan apapun selain akun orang, memang aplikasi ini mirip Twitter tapi fiturnya masih kurang drastis sebenarnya tidak masalah asalkan tidak ada batasan atau close server.",4,28,289.0.0.77.109,2023-07-09 21:00:58,,,289.0.0.77.109
202e9fd4-af73-4add-8308-d1148f998cbb,Jesenta Gunawan,https://play-lh.googleusercontent.com/a-/ALV-UjVLcwLDtS4z-jXgzymeB3vf1Cz4zHGVuZHL1L6BbrojHQ,"Saya cuma mengkritik 1 hal, yaitu tolong diperbaiki lagi aplikasi ini, terutama bagian ""simpan"".. minimal bisa simpan foto postingan lahüôèüèºüôèüèºüôèüèº",1,4,289.0.0.77.109,2023-07-09 19:24:42,,,289.0.0.77.109
ed7dd736-a0f5-4465-b14a-0600a429a963,Agus Sofiyan,https://play-lh.googleusercontent.com/a/ACg8ocL6AWR1dTnw4ZzrNI4j6dqs5FUQcKXqtxxzQb5aflPQ=mo,"Tolong di perbaiki pas share status di feed instagram, tiba-tiba post feed instagram saya salah satu hilang, perbaikan lagi fiturnya biar lebih pro ada kirim pesan, notif pertemanan follback nya dan live siaran, terimakasih",4,1,289.0.0.77.109,2023-07-09 18:37:34,,,289.0.0.77.109
8a5f02d8-9829-4086-8ef7-32c57c4f03ec,Renatta Matindas,https://play-lh.googleusercontent.com/a-/ALV-UjUx4z8xYUhohMqpDTcfcgv4qLSxfF_Hy0X4cGxVCHWQzos,"Satu masukan, kayaknya butuh segera dibuat fitur beranda khusus yang kita ikuti aja deh semacam ig. Biar lebih nyaman scrolling karena yang sekarang ini rancu banget random orang-orangnya, random yang serandom itu jadi bikin agak males...",3,1,289.0.0.77.109,2023-07-09 16:03:23,,,289.0.0.77.109
66ed9014-3094-4626-aa28-d4dddc051f22,Martina M,https://play-lh.googleusercontent.com/a-/ALV-UjV6wrTf7-XZr6pCrh5Qx_m37NqAM3hLerssA5wIAolknA,"Bagus. Cuma sepertinya postingan yg sudah dipost tdk bisa edit yaa? Jd harus hapus postingan kita dulu baru upload lagi (iya gk si? Atau aku yg masih kagok sm aplikasi ini *wkwk) Juga butuh translate utk postingan yg menggunakan bahasa mereka. Biar orang asing bisa paham apa yang ditulis (gk nemu jg yg 1 ini, atau mungkin belum kenal betul fitur¬≤nya üòÅ)",5,2,289.0.0.77.109,2023-07-09 13:36:50,,,289.0.0.77.109
ffce4463-98b5-45f6-8d80-982666855edd,Aldi Aldisns,https://play-lh.googleusercontent.com/a/ACg8ocLI04qd29IiHh7a7s5ylgaAw7kzw9o9SjeGgesWvxKm=mo,"Aplikasi nya udh bagus tapi ada beberapa fitur yang ditambahkan, seperti fitur untuk save foto, futur translate, dan fitur agar dapat membuat lebih dari satu akun. Menurut saya fitur ini harus ada, jika nanti sudah ada fitur-fitur tersebut baru nanti dikasih bintang lima",4,16,289.0.0.77.109,2023-07-09 11:00:08,,,289.0.0.77.109
974ece7d-556f-4c08-b20d-f95a861bb477,Ristella Cinere,https://play-lh.googleusercontent.com/a/ACg8ocIouv4bV6DifiG-lC-b1BDBZlrvKhB-9-sP7Mnuw9nB=mo,"Nggak terlalu mirip sama si burung. Aku butuh fitur semacam translate, tagar, pokoknya yang persis si burung. Selain itu kayanya udah oke. Oh iya, tolong tambahin fitur edit dong pas nge threads. Biar kalau ada typo or something bisa diperbaiki. Mungkin kalau terlalu mirip bakal di cap plagiarisme ya? Idk but aku bener bener butuh fitur yang kusebutin diatas. Resolusi pas ngunggah foto juga tolong diperbaiki. Tq",3,2,289.0.0.77.109,2023-07-09 10:02:41,,,289.0.0.77.109
701fec70-3921-4969-bc4a-c434e58cfcb2,Mamah Damayanti,https://play-lh.googleusercontent.com/a/ACg8ocJEMmd44Livf1CR7sd3hgmC3zrUwCdzsVUjn1LgWM1gKg=mo,"Lumayan bagus, mohon ditambahkan fitur: 1. Notifikasi followers tidak digabung 2. Bisa lihat following yang tidak followback 3. Schedule posting 4. Jumlah likes di profil seperti aplikasi TT 5. Search keyword untuk posting / trending",3,0,289.0.0.77.109,2023-07-09 08:54:33,,,289.0.0.77.109
8cd633d9-a472-4880-afea-82156ebcd062,Alif SyahPutra,https://play-lh.googleusercontent.com/a/ACg8ocISSvzkgwWR4rvOXYn8Ybv4wc_7U1vxn3sqb9MUkzbn=mo,"aneh, padahal dah keinstal tapi tidak muncul di halaman layar, saya yakin ini bug aplikasinya, karena saat saya mencoba mengunduh aplikasi lain baik¬≤ saja tapi saat threads di instal tidak mau muncul di halaman layar. Bahkan saat dicoba untuk dibuka dari playstore pun tetap tidak bisa, tapi setelah saya hapus dan unduh lagi selama 3x baru bisa. Hadehh buang buang kuota internet",1,11,289.0.0.77.109,2023-07-09 07:59:29,,,289.0.0.77.109
a99919dd-adee-4735-b6ff-4c62f50542b8,Ayu Syafitri,https://play-lh.googleusercontent.com/a-/ALV-UjXy1jEqP8-HNDMPabK-Jjh_ltw03q8CKLVKbEtp7XWheA,"Aplikasinya baguss, saya nyaman pakainya. Saya predikis aplikasi ini bakal jadi app yang rame sih kedepannya. Cuman minta ditambahin fitur-fiturnya dong. 1. EDIT THREAD (soalnya kalau ada salah di konten yg udah kita upload, itu harus hapus lagi dan ketik ulang. Repot; 2. PENGAPLIKASIAN TAGAR (Biar pengguna lebih mudah menjangkau konten kesukaan mereka, jadi pas di pencarian, jangan cuman akun-akun penggunanya aja yang muncul, tapi juga sama konten yg tagarnya terkait dengan yang kita cari)",4,9,289.0.0.77.109,2023-07-09 06:29:26,,,289.0.0.77.109
baf855df-2e26-4fa1-830d-3f08a2fbccbc,Muhammad Nur Alim,https://play-lh.googleusercontent.com/a-/ALV-UjXgCI_9OYRDKM59DglXA5nrg6K48X9YOrt-TPqaOV6sob0,"Ketika di scroll semua content terulang seperti ketika anda berhasil memenangkan permainan solitaire pada windows xp mungkin mark ingin membuat efek motion blur atau apa saya tidak tahu, bug ini hilang jika saya membuka recent app saya dan menutupnya kembali namun bug ini akan tetap ada ketika saya menscroll halaman",2,21,289.0.0.77.109,2023-07-09 00:39:26,,,289.0.0.77.109
a7393f0e-9a80-47af-82c1-de0aa7a48092,Gibran Khayru Rachman,https://play-lh.googleusercontent.com/a-/ALV-UjX6wXz8lPSG8msaFY9Ti_GaBl7oZPm3Cpc3-LXRbXgL8GU,"kecewa karena ada bug , saat saya mengscroll kebawah dan keatas, tampilan beranda,tulisan, teks teks, poto, dll... seperti tampilan error, jadi saat di scroll teks/poto nya seperti tidak mau bergerak",3,6,289.0.0.77.109,2023-07-09 00:01:08,,,289.0.0.77.109
88002395-50f0-4317-8ee2-c8ebe8dc12ae,Rinipuha Handayani,https://play-lh.googleusercontent.com/a/ACg8ocJ4qZZUDByGJuoe_IHB7VtuAGO5h7IRuek4w5JxS2CR=mo,"Cukup baiksi menurutku, tp seharusnya no yang bisa ditampilkan di bio ig kalau sudah dihapus bisa dipasang kembali, jangan hanya sekali, tp maklum la ya baru awal, semoga bisa diperbaiki",4,2,289.0.0.77.109,2023-07-08 21:40:30,,,289.0.0.77.109
9e715004-f297-4356-8a40-9f59a0f0f5be,VleezyGaming23,https://play-lh.googleusercontent.com/a-/ALV-UjW7tsBTJtRNB96TrQ6ytHgNbDbEcrw_8eZHv-RGnFm9-Vs,"Sedikit saran beberapa fitur buat aplikasi ini.. mungkin bisa di optimalkan fitur zoom foto. Soalnya kadang susah klo mau liat foto gabisa di zoom.. terus mungkin tambahin Hastag (#) juga. Biar orang klo mau nulis caption tertentu bisa dijangkau lebih luas. Terus... Klo emang mau disamakan dengan Twitter, ada 2 tab beranda. Seperti Following dan For You. Oh! Sama satu lagi.. Tambahin opsi media berupa Galeri bawaan di bagian post tweet. Jadi supaya orang gampang milih foto di dalam galeri .",4,790,289.0.0.77.109,2023-07-08 19:45:54,,,289.0.0.77.109
881098be-469c-43ac-bcf3-8357ad5864a1,Yaqut Arsidinata,https://play-lh.googleusercontent.com/a-/ALV-UjUFvoikoNWg4AOB1UHFs-c7Lh6fp3STQt6Zvxr3N1VGWw,"Aplikasi nya sangat bagus termasuk fitur¬≤ nya, tpi saya kasih segini dlu soalnya kualitas upload foto/video nya masih kurang bagus tidak seperti Instagram",4,0,289.0.0.77.109,2023-07-08 18:50:47,,,289.0.0.77.109
9eb14edf-ba81-474d-ba2e-1c2371063782,Fauhad Nadhir,https://play-lh.googleusercontent.com/a-/ALV-UjVYOvbQhxG-eZ4poW8NAbsb6a0zwThm5JnFVveR64WYEy8,"Aplikasi berjalan dengan baik dan lancar, hanya ada beberapa bug kecil. Harapan untuk kedepannya bisa ditambahkan fitur penerjemah bahasaüôèüèª",5,2,289.0.0.77.109,2023-07-08 16:33:52,,,289.0.0.77.109
240a0450-b8d1-4cac-b393-ea50db52b838,Muhammad Aldi Mauladi,https://play-lh.googleusercontent.com/a/ACg8ocJmYaH3I8DID8rgJLNB9FavTDZ0_-2GC4SF63fsdCMp=mo,"tolong adain fitur baru yang menarik contohnya kaya bisa dengerin lagu bareng - bareng sama tmn, terus adain ""follow back"" biar ga capek ngecek satu2 !! fitur voice note sabi sih tp dibatasin waktuny. terakhir fitur DM . thank you !!",4,2,289.0.0.77.109,2023-07-08 16:31:02,,,289.0.0.77.109
9919915b-7e7a-4ba6-b9c7-791fb10d3415,Sanny Aprilia,https://play-lh.googleusercontent.com/a-/ALV-UjV-0QeCmYT2yUbrPVXbdNIuu0pK2sFRwhc7gkv6s3bcGg,"Fiturnya tambahin, tampilannya ditambah biar makin menarik dan bervariasi. Terutama latar belakangnya jangan putih polos, kasih warna warni. Jadi ga bosenin... üôè",5,5,289.0.0.77.109,2023-07-08 16:23:37,,,289.0.0.77.109
f2594a7a-7900-4c1c-bdfd-86c916586182,Andrian Setiawan,https://play-lh.googleusercontent.com/a-/ALV-UjVn0AZyGnEmIZxDEvERvMi7yT9xRf9nkKFdPz46B7rRo88,1. Banyak terjadi bug salah satunya ketika kita menggunakan tema pada chat di Instagram dan kita menginstall thread tema di chat Instagram tersebut tiba¬≤ menjadi default dari sisi pengguna di ubah pun tetap akan default sehingga cuman pengguna lain yang bisa lihat chat tema tersebut 2. Algoritmanya masih tidak jelas arahnya kemana saya tidak pernah ikutin artis tiba¬≤ isi thread artis centang biru semua. 3. Tidak ada fitur send chat 4. Jika modelnya cuman mau nampil thread sebaiknya jadi satu,2,0,289.0.0.77.109,2023-07-08 14:50:00,,,289.0.0.77.109
6c1b497e-b546-42f1-95ee-7aacc33f12d5,Salma Salsabila,https://play-lh.googleusercontent.com/a-/ALV-UjUgLC8tFbzOTa6lJCDsQNnueCkdtoa82YZ1pMYosjU3kg,"Masih baru jadi masih gimana gitu, saran aja tambahin fitur pencarian kata, translate dan sebagainya supaya lebih enak pakainya, timeline juga tolong jangan random random bgt, sesuaikan sama topik yang kita suka dan ikutin",4,3,289.0.0.77.109,2023-07-08 10:18:39,,,289.0.0.77.109
9d1b3e1b-2928-4b44-bda8-702b62e92c73,suhendra wahyuri,https://play-lh.googleusercontent.com/a-/ALV-UjUeFhBpL2cjZBXJhLP1f0mQGqyLbvJ4fksF1IBmkt7QDDA,"Bagus untuk saat ini saya kasih bintang 4, karna belom ada fitur tagar terheboh, terbaru, terviral agar balance tidak ada topik terhangat yang terlewati dan mengikuti trending harian bisa saya naikan bintangnya üëçüèª",4,0,289.0.0.77.109,2023-07-08 10:05:48,,,289.0.0.77.109
8aa68f8d-b7cb-40e2-a652-4ad01c1d1a89,M. Sultan Alamsyah Nabil Akbar,https://play-lh.googleusercontent.com/a-/ALV-UjWnSu63bihLO2GEWTdvjAp3JXvD2jqcuKFZdIftH05ulYM,"Tolong diperbaiki bugnya,, masak setiap buka beranda dan status orang kok tiba-tiba suka keluar,, sekalian tolong tambah kan fitur terbaru dari fitur DM, Hastag, Trending Penerjemah dan Voice Note di setiap utas dan kolom komentar.",2,3,289.0.0.77.109,2023-07-08 10:01:05,,,289.0.0.77.109
f0f3e669-5ccb-49bd-9657-9cbe8f8743d1,Adriane Xanthe,https://play-lh.googleusercontent.com/a/ACg8ocLVcWCaVM0HcyUDvbU8D8yhNend0GC-11maIlAQHb0=mo,"Baguuss, tapi izin memberi masukan. Biskah di tambahkan fitur simpan postingan? Seperti koleksi atau apapun untuk menandai postingan yang kita sukai. Terimakasih sebelumnya. Saya suka dan puass hehe",5,2,289.0.0.77.109,2023-07-08 08:00:33,,,289.0.0.77.109
274cdad2-b9b4-4c88-b36b-e383e771c385,Alka Eyan,https://play-lh.googleusercontent.com/a-/ALV-UjUaJq8geHwj6alCJ6DsTzT-9J1oTGC5Xt6cgGYRLSKnmw,"Sejauh ini tidak ada masalah tapi ya masih kurang karena tidak ada nya fitur terjemahan, dimohon untuk kedepannya fitur terjemahan di adakan agar tidak perlu pergi ke translate untuk menerjemahkan bahasa asing.",4,0,289.0.0.77.109,2023-07-08 07:35:32,,,289.0.0.77.109
8b947a45-9399-4db3-bce1-191ca184ccd0,J,https://play-lh.googleusercontent.com/a-/ALV-UjWqu2EI1tEga6zKfeoL6RM2C2GfxpmGopPPBFDmsfqcYw,"Newsfeed terlalu berantakan, postingan yang muncul tidak tertata semua akun centang biru yang tidak jelas dan tidak relevan dengan minat saya. Orang saya follow malah jarang terlihat postingannya. Menu juga sangat terbatas seperti edit profil semua harus di edit di akun Meta atau akun Instagram",1,11,289.0.0.77.109,2023-07-08 06:27:58,,,289.0.0.77.109
8ae59f7f-641f-4f5c-8f2e-029e2853c3f7,Imam Jamaludin,https://play-lh.googleusercontent.com/a/ACg8ocIiLJJ8kud5v176-iESUeB7Rn3hHeWPbsXfG27LgA-F=mo,"upload gambar, 'thumbnail' nya buram semua hanya abu-abu.... saat refresh di tombol 'home' rekomendasi threads kebanyakan bahasanya bule... tambah susah lagi gak ada fitur terjemahan.",1,4,289.0.0.77.109,2023-07-08 06:03:03,,,289.0.0.77.109
5358d1f9-6ab3-415d-ab56-58e4546641c4,Nailah Kalbiyan,https://play-lh.googleusercontent.com/a/ACg8ocLE7NbptTOk0NVENcFOKyWpsp3fxNU3HqNFf19oo4qz=mo,Sebenarnya ini aplikasi dah bagus sih cuma kurang lengkap aja fitur-fitur nya salah satunya fitur terjemahan jadi agak susah kalo baca nya tulisan thailand harus ke google duluüòÅ jadi saya harap bisa di tambahin fitur terjemahan yaa,4,3,289.0.0.77.109,2023-07-08 00:27:43,,,289.0.0.77.109
ad966b6f-293b-4c3a-83d5-7345af0852c5,Hobi Heboh,https://play-lh.googleusercontent.com/a-/ALV-UjW2EKzU48iV6dlFYD2EHMmwoKhUFMBlHY5y1PsUMXWowYo,"Mungkin perlu dibuat versi lite nya karena di beberapa device banyak bug, terutama error lag homepage saat scrooling.. klo ini versi trial/beta masih banyak yang harus di perbaiki.",2,7,289.0.0.77.109,2023-07-07 23:10:19,,,289.0.0.77.109
3215e373-e3ee-490f-8224-9cae10d40863,Malik Marzuki,https://play-lh.googleusercontent.com/a-/ALV-UjXLZ8AgbT7oKZ-AcOFmBbs3ZH6X0RCyatx6mw4riKMTgSU,"Tambahkan fitur upload foto dan video langsung direkam tanpa harus dari folder file. Pisahkan antara yang aku following dengan akun rekomendasi, jangan di campur di beranda. Tambah fitur tampilkan akun di bio Instagram jika sudah terlanjur di sembunyikan.",2,2,289.0.0.77.109,2023-07-07 22:32:01,,,289.0.0.77.109
ee4b827b-8cba-4c65-912a-f9729771e0c2,Martinus Gultom,https://play-lh.googleusercontent.com/a-/ALV-UjVIdbqEoEH6yXYsRnVFX3185vjuZXZfMU-ewv7_Iqhhswc,"Untuk aplikasi nya sudah bagus, tapi tolong kedepannya di tambahin fitur seperti translate, save photo dan mode penghemat data. thanks",5,5,289.0.0.77.109,2023-07-07 22:07:27,,,289.0.0.77.109
f8f67594-da57-4621-b95a-df0c2e7042d9,RV,https://play-lh.googleusercontent.com/a-/ALV-UjWyVs4BK5wxlepN34UpBh1Z82G3nD1eU11T_tqiI-Zj0WKy,"Tampilan interface berantakan banget, banyak mayor bug sampe males bukanya, ujung2nya apa? Balik lagi ke Twitter, tolong perbaiki dulu aplikasinya sebaik mungkin, baru gua stop main Twitter.",1,11,289.0.0.77.109,2023-07-07 19:45:42,,,289.0.0.77.109
32f6e791-669d-4190-8bbe-a019654865fb,Carent21,https://play-lh.googleusercontent.com/a/ACg8ocILYVfNimABGnRV0Q-7Dgp2Ja1MZRAIdzN4bYom4bmt=mo,"Bagus banget.. cuma tolong tambahkan fitur ""sematkan"" "" tagar"" dan bisa untuk banyak akun :).. ga cuma satu akun utama saja gitu sih:).. Kalo sudah ada aku kasih bintang 5.. yah dan saya tahu ini masih awal.. tapi ini sedikit saran dari saya.. dan banyak dari teman saya yang mengajukan yang seperti saya sarankan",4,4,289.0.0.77.109,2023-07-07 18:51:07,,,289.0.0.77.109
75bbcee2-4524-4421-9e33-b76594651f04,Aergloo,https://play-lh.googleusercontent.com/a-/ALV-UjX23_ex4JCHJDIT_LVnAN9LaXqGGwb9neYVLlCopejk5w,"gaesss tau kok masih pada bermasalah sama aplikasinya, gua juga.. notif berantakan, gabisa liat siapa yang belom follow atau udah follow.. tapi aplikasi ini kan baru launching jadi pastinya banyak masalahnya.. jadi doain aja di next update nanti, lebih baik dari yang ini.. kita tungguin aja update selanjutnya",4,3,289.0.0.77.109,2023-07-07 18:21:29,,,289.0.0.77.109
8d2c64f2-595e-4b9f-88dc-d11297da08b9,Lia Lufyana,https://play-lh.googleusercontent.com/a-/ALV-UjWGnwfpWCG-TN9k6ahWgKIygvYAcb2JRsNmzi6Wyu44Gw,"Masih banyak kurangnya ü§ß gk ada translate,, Terus yg lewat di beranda kebanyakan centang biru semua,, gk ada fitur light mode & dark mode, kirim pesan,, #trending,, mau komen plus pake foto malah error / gagal terkirim,, Minimal perbaiki bug juga & kurangnya fitur Threads",1,87,289.0.0.77.109,2023-07-07 18:12:58,,,289.0.0.77.109
d92f3ae4-f5c1-4db4-8974-3f516e534283,Gina AB,https://play-lh.googleusercontent.com/a-/ALV-UjUPuAHhQb23-REJqARPRrjBSjXMKppyAno4LR8xnjVX0hQ,"Udahh bagus, cuma untuk konten yang disediakan untuk threads nya tolong disesuaikan dengan minat masing-masing akun, isinya jadi boring, juga beranda threads nya cuma diisi dengan pengguna centang biru, agak ribet kalau harus disembunyikan/diblokir dulu",3,5,289.0.0.77.109,2023-07-07 18:10:37,,,289.0.0.77.109
5f165dfc-2b05-406d-af33-39bf44f2477b,Adi A Rahman,https://play-lh.googleusercontent.com/a-/ALV-UjVBTl7ElYrC-cl1sdUaCq-y71dP3bGTYGDrefnbRSpuKQ,Aplikasi yang bagus. Kompetitor aplikasi yg sangat kompetitif. Lebih mudah ketemu dengan teman2 karena ter integtitas langsung dengan medsos yang lainnya.,5,2,289.0.0.77.109,2023-07-07 17:45:37,,,289.0.0.77.109
dbe7240b-75b0-4ba6-b7c1-f2168e2ed1ed,hhmm,https://play-lh.googleusercontent.com/a-/ALV-UjV4zoJ_2OFtIfPfJKsfGVYoNm1lXgFz7LUDgDvNzNLkFyE,"Pengalaman saya selama ini di hp oppo realme c2 OS 9.0 pas mode gelap bawaan dari realme nyala, aplikasi Threads ngebug dengan tampilan menumpuk dan berulang terus. Namun setelah mode gelap bawaan realme saya matikan aplikasi Threads dapat berjalan dengan normal.",4,15,289.0.0.77.109,2023-07-07 17:30:30,,,289.0.0.77.109
adf45315-340f-46db-9505-0ca2cd0598ad,Andy Januarta,https://play-lh.googleusercontent.com/a-/ALV-UjU0XGpKewor8_IwNzd5Dprd2w88yGPrzcWGF2MIExj2erY,"tampilannya sangat simple, menarik dan karakter kalimatnya pun juga bisa 500-an per-kata. tapi masih ada 1 fitur yg belum diaktifkan yaitu setingan terjemahan bahasa dari berbagai negara di dunia.",5,6,289.0.0.77.109,2023-07-07 17:08:13,,,289.0.0.77.109
dbeef512-865c-4e56-84af-6aede64ec689,Rafly Setiawan,https://play-lh.googleusercontent.com/a/ACg8ocLRTD0o9Q5ObjFs7BChgmVQEj9xdf5soicU4elG2sTdrA=mo,"Baru download bbrapa jam yg lalu, udah mulai muncul bug nya aduug padahal seru dan udah mulai muncul APLIKASI TERHENTI, notifikasi gak muncul, masih bayi kali ya jadi harus ada penyesuaian. Tapi kalo bisa secepatnya di perbaiki sih kalo gak mau kalah saing sama aplikasi burung putih",1,19,289.0.0.77.109,2023-07-07 17:05:42,,,289.0.0.77.109
9960cf9b-ec5f-4082-b53f-46238367f65a,Mahmud Abbas,https://play-lh.googleusercontent.com/a-/ALV-UjVU03MF5PdAoirlyscpGRWt93wojJLJgim_vbo05e9NZ9M,"Aplikasinya bagus. tapi harus ditambahkan fitur dark mode, kirim pesan secara pribadi dengan teman, dan satu lagi tolong di update agar support di browser atau desktop komputer. Kan ada beberapa orang yang belum punya handphone",5,12,289.0.0.77.109,2023-07-07 16:16:58,,,289.0.0.77.109
c3629e9b-022b-473b-9bab-99850eddf1bf,Aldi Nur Saputra,https://play-lh.googleusercontent.com/a-/ALV-UjXFkW71Qsd-rliCi69VqYWEelrFjpzhhMQoTrHKYzcznw,Tolong tambahkan fitur edit ketika ingin mengupload media. Ketika saya ingin mengupload foto dan perlu ditambahakan kata-kata atau sticker maupun memotong ukuran foto itu belum tersedia. Jadi harus mengubahnya/menambahkan di luar aplikasi ini.,4,6,289.0.0.77.109,2023-07-07 15:12:53,,,289.0.0.77.109
2a3927cc-21a8-46c2-86c2-885160713b58,M Tahir saputra,https://play-lh.googleusercontent.com/a-/ALV-UjVqvx2GJrk9g3SPinsElZ0gR3P1XMgwzBeQ66bwivRpqQ,"Sejauh ini cukup bagus tapi saranku mungkin bisa di tambahkan juga di pusat akun meta jadi bisa auto posting di 3 aplikasi sekaligus IG, Facebook, Threads Dan aplikasi ini belum tersedia mode gelap, jadi mungkin bisa di tambahkan, dan juga foto belum bisa di simpan atau di download secara langsung, serta masih ada beberapa bug yang munkin harus di perbaiki, itu saran dari saya sebagai user",4,5,289.0.0.77.109,2023-07-07 14:31:09,,,289.0.0.77.109
06eb79bb-de29-44b0-bd4d-985072501e27,Vnfrl ksm,https://play-lh.googleusercontent.com/a-/ALV-UjW7pHguNKY3GuO6Npz1977y2PQIftkt-FxnixBzdAuDG4M,Bagus ajasih. Mirip twtr pas baru2 launching. Tp blm bikin nyaman krn timeline nya kek tempat sampah. Gak bisa di filter.,2,3,289.0.0.77.109,2023-07-07 13:24:32,,,289.0.0.77.109
48989521-b121-483f-b396-d431d8db5967,Saska RF,https://play-lh.googleusercontent.com/a-/ALV-UjXBNJ-amUiny9y_NZigF7C3Yz7RZURLKCz0ygzORvyP8f0,"Aku menemukan 2 bug. Yang pertama saat unggah threads dengan lampiran foto resolusi tinggi, threads tidak terunggah padahal koneksi data unggahnya berjalan, dan itu dibarengi dengan aplikasi lag bahkan sampai forceclose. Dan yang kedua saat copy teks selain huruf alphabet (seperti huruf arab, Thailand, aksara jawa), aplikasi akan mengalami lag hingga kemudian forceclose. Untuk pengembang, tolong optimalkan lagi karena beberapa apl META mempunyai masalah sama terhadap kompresi media foto & video.",2,1648,289.0.0.77.109,2023-07-07 13:16:34,,,289.0.0.77.109
93a26b24-c04d-44d9-8e58-948afce61be3,asyaif alfatah nur,https://play-lh.googleusercontent.com/a-/ALV-UjW-DrOrvCPbT2EpArPJOm1Vz1SNIZRidorpLI2--U85-w,"Sudah bagus, vibesnya dan ui nya lebih baik dari twitter menurutku. fiturnya masih kurang lengkap misal fitur save atau tags masih belum ada. Agak susah pula kalau pindah akun dan akun yg sudah dibuat tidak bisa dihapus. Kalau untuk upload foto atau video saya belum mencoba tetapi dari pengamatan saya foto yang diupload di threads lebih tajam dan tidak terkena kompresi seperti di instagram. Jadi menurut saya untuk urusan upload foto threads ini sudah sangat bagus",3,2,289.0.0.77.109,2023-07-07 10:39:13,,,289.0.0.77.109
f0227481-2728-4265-ad3f-4ba812819216,Rv Ly,https://play-lh.googleusercontent.com/a-/ALV-UjVd_yzKFAQjdnfIMWY0EFN2_-OqOuYEKA9E_moaJsYsIzY,"Overall bagus, cuman masih ada bug dan hal lain yang harus di tambahkan, seperti hastag, search keyword, trends, media, bookmark, pin post dll. Dan semoga standar komunitas di app ini tidak se-konyol di Facebook",3,1,289.0.0.77.109,2023-07-07 09:45:40,,,289.0.0.77.109
38e888ba-8b47-42bb-b53f-d4990d4046ca,bilal mubarok,https://play-lh.googleusercontent.com/a-/ALV-UjUYUUIgidcuIWaqd-8SFIAHSe9nDfG8IEaUBcijynukR5E,"Cukup menarik sih sebagai alternatif twitter, login nya jg sangat simple . . . Animasi saat open close foto/video jg asik fluid jg . . . Mudah¬≤ an di kasih opsi biar video tdk run otomatis jd lebih hemat kuota & jg saran dr sy lebih enak klo saat di like postingan, foto video tinggal double klik kyk instagram udh cukup mantap buat app ini . . .",4,33,289.0.0.77.109,2023-07-07 09:42:23,,,289.0.0.77.109
7d90ed8f-4bfa-4010-99ab-59d7f2d2da14,Rian Rian,https://play-lh.googleusercontent.com/a-/ALV-UjW42YQLScuDW5TsYagPGco3z6qxb06cM8CfQzfE-WB5yA,"sumpah nih apk bagus banget, cuma tampilannya aja kurang oke menurut ku. 1. Tombol Like koment dan share nya sangat berdekatan jadi kadang salah pencet. 2. Tidak ada fitur dm. 3. Tidak ada fitur untuk melihat siapa yg belum follow back kita. 4. Tidak ada fitur search timeline (semoga update kedepannya bakal dipertimbangkan untuk ditambahkan)",3,29,289.0.0.77.109,2023-07-07 09:12:56,,,289.0.0.77.109
8f1b7a06-70f9-40ab-92c2-5c7bf65be0ed,Diana Nefertari,https://play-lh.googleusercontent.com/a-/ALV-UjXH56gHGaY82EcTe9nyON7CECYojYCcqwSEq_W_H_b6yw,"untuk hari pertama udah okay sih. tapi emang ada beberapa fitur yg harus ditambah kayak fitur save/download foto, sematkan threads, DM, hastag biar bisa liat yg trending, multi acc, dan filter untuk kata-kata yang mau kita sembunyikan dari TL.",4,1,289.0.0.77.109,2023-07-07 09:11:27,,,289.0.0.77.109
a2a41d98-0b14-43c1-b1cf-b1aa0515863d,Rizky Aldi,https://play-lh.googleusercontent.com/a/ACg8ocLmT7xDNdnzW2N5RIHgnDnM-3b4FuqwXv11kCH5qkmxKA=mo,"Untuk sekarang masih minim fitur. seperti gak bisa save gambar/video, belum ad tagar, belum ada fitur translate dan masih ditemukan bug. Semoga kedepannya lebih di optimalkan",5,11,289.0.0.77.109,2023-07-07 07:28:15,,,289.0.0.77.109
1a766ffd-1afa-47ca-81cf-b7e89705f8e9,Ilham Aziz,https://play-lh.googleusercontent.com/a/ACg8ocKOLAEzB7ijt-AySE_MqSUZMai6CVvCen0b-Kmv9Gui=mo,"Menurut ku ini yang lebih keren sih daripada yang logo burung biru engga bisa konek in ke ig dan mau mutualan sama akun lain di ksih limit. Yuk buruan download aplikasi threads ini karena lebih seru dibanding yang ono, semoga aplikasi threads ini bisa ditambahkan fitur berita trending, #trending, fitur kayak ig juga biar makin nyaman buat pengguna nya",5,2,289.0.0.77.109,2023-07-07 07:24:02,,,289.0.0.77.109
12fcff52-d541-4cc4-96c3-6b395db62019,Rinanda Putra Kurniawan,https://play-lh.googleusercontent.com/a-/ALV-UjXRdP6GbRLQjtDWT7X3KPgHzy_97lBaPsR78l9i7hOEGw,"Tolong perbaiki untuk update selanjutnya, terjadi bug tiba tiba keluar sendiri log out, dan Instagram saya juga tiba tiba keluar juga. Mohon untuk update selanjutnya diperbaiki agar tidak keluar sendiri akunnya",3,0,289.0.0.77.109,2023-07-07 06:29:56,,,289.0.0.77.109
345f27a1-9d9d-4c34-96e1-74f534c2b022,Inno Putra,https://play-lh.googleusercontent.com/a-/ALV-UjW8-SaqKFP269oYsfhDOy1gmKSZFm8eBbygqkNsVvb1q5w,Bug langsung di rasakan saat scrool untuk pertama kalinya. Text tidak mengikuti gerakan layar dia hanya diam dan membuat bayangan seperti fps. Dan terus tertumpuk saat membuka jendela lain.,1,15,289.0.0.77.109,2023-07-07 00:10:22,,,289.0.0.77.109
a427e932-8a65-4b6d-8e27-21268a0f7793,Anggun M K,https://play-lh.googleusercontent.com/a/ACg8ocLwWeafE59It0zpQDM7iiwstEksL8lAWxlMPeTp2_OZ=mo,"Baru coba sih, ini gimana ya munculin lagi lencana threads yang disembunyikan biar bisa muncul lagi di profil ig? Udah di orak atik nggam bisa muncul lagii.. huuu",3,2,289.0.0.77.109,2023-07-06 23:01:33,,,289.0.0.77.109
d85825fc-a3b4-4929-9e6e-6867b46f716a,gilang,https://play-lh.googleusercontent.com/a-/ALV-UjUpu2vzcEsm4l6Wmty6O7PnDSg_WhrJ24JBtXxRzVCyw-Q,"over all bagus, berasa nostalgia pake app sebelah. saran untuk mimin : 1. tambahkan fitur #hashtag 2. tambahkan fitur translate 3. tambahkan fitur save photo pada device android 4. jangan dikit2 kasih warning ke konten yang sebenernya fine fine aja. sisanya udah oke semua. tetep konsisten ya, jangan sampe appnya jadi banyak iklan. thanks!",4,8,289.0.0.77.109,2023-07-06 21:47:03,,,289.0.0.77.109
6a7f0b48-5272-4a5f-937f-c8e15d0998f2,Randi Pratama,https://play-lh.googleusercontent.com/a-/ALV-UjUAURNOZv2fdu1G9XJK3hfxnaQccwG6u90Hg00yNFpFXg,"Threads bagus bangetlah, selama ini saya gak ketemu konten NSFW apapun, namun size apk threads cukup berat dan buffering kontennya lama bgt, beda kyk Instagram, padahal ui nya lebih simple dari FB dan IG, sarannya cuma size dan audio meetingnya aja, mudah2an bisa membantu developerüòä",4,1,289.0.0.77.109,2023-07-06 21:22:32,,,289.0.0.77.109
e4a62a9c-ed08-400b-833f-1936d9bcee8c,Rnt,https://play-lh.googleusercontent.com/a-/ALV-UjW4OHEsxf_dw5LDysLN3qUoTjopB4tViD83IKSdf3bC2GM,"Okee apk nya udah lumayan bagus tapi mohon banget buat ditingkatkan fitur-fitur lain seperti - translate karena perlu banget buat kebutuhan ngefangirlingüôèüèª - juga tolong banget untuk memposting foto/videonya agar bisa per-folder supaya gak cape ngescroll kebawah-bawah, soalnya isi galeri saya banyak :) - selanjutnya buat android tolong segarakan bisa save foto, soalnya saya mau save meme‡≤•‚Å†‚Äø‚Å†‡≤• Note: mohon didengar, karena ini bakal diubah tergantung fitur apk nya",3,9,289.0.0.77.109,2023-07-06 20:54:07,,,289.0.0.77.109
7ccb4c75-a3ae-469e-9f64-5876cf5e1500,Muhammad Husni Mubarok,https://play-lh.googleusercontent.com/a/ACg8ocLceZlyzIGokBsrCA0cm60s7YTxb5r8JQN_URmKkrwK=mo,"Permulaan bagus ada saingan aplikasi burung. Namun masih ada beberapa bug seperti mau nulis sesuatu terkadang keyboard seperti error, tulisan kehapus sendiri, padahal normal, lalu orang2 yang mengikuti terkadang ilang pas di refresh muncul kembali, fitur hastag atau tagarnya tidak bisa di klik, mungkin gaada fitur itu, sarannya adain biar mempermudah akses yg lagi trend sepeti di aplikasi burung. Tks.",5,876,289.0.0.77.109,2023-07-06 20:40:14,,,289.0.0.77.109
ac1b9ce9-37a0-4aa0-a622-735138f75f5e,Rizky Trihasmoro,https://play-lh.googleusercontent.com/a/ACg8ocJxje9iGe4lTP7e2-RC0ELjq_NbxOFcIskFAQDrvj-4=mo,"Saya mengalami Bug atau cuma di hp saya,ketika di buka app seperti langsung banyak halaman dan bertumpuk, saya tidak tahu ini kenapa,apa ada email yang bisa di kirim untuk konfirmasi bug",1,72,289.0.0.77.109,2023-07-06 20:29:50,,,289.0.0.77.109
b64506c0-0555-4974-88c4-4a6f56021b03,Nishimiya Babi,https://play-lh.googleusercontent.com/a-/ALV-UjWBG_tTt8TiVFiV9ZHugRr4qbWDmrppo2oLSRsHbaky3g,"Buat semua bagus, design sama menu nya cukup, cuman yang kurang nya masih banyak, terutama ini, harus ada topik yang bisa user ikuti biar feed gak terlalu berantakan, sama feed harus nya dipisah jadi dua 1 buat publik (dari topik yang diikuti) sama 1 lagi buat follower ato postingan khusus followers",5,4,289.0.0.77.109,2023-07-06 20:23:16,,,289.0.0.77.109
f17fe64c-ac22-496a-ae61-009e33c94700,Rama ID,https://play-lh.googleusercontent.com/a-/ALV-UjVtWwG97jAqP3wWdRrchzXiDbJ1r7npj3DwoCPgsC0uz_g,"Kedepannya kembangin lagi bang Zuck, algoritmanya udah bagus cuma kurang lengkap beberapa fitur contohnya kayak save foto ada juga beberapa masalah seperti masalah loading saat upload yang memakan waktu dan juga pusat notifikasi yang jadi menumpuk",5,7,289.0.0.77.109,2023-07-06 19:59:19,,,289.0.0.77.109
cfc6ca65-0d23-44c7-b9dd-cca849a4ec89,YAYAN DOMILANO,https://play-lh.googleusercontent.com/a-/ALV-UjXQ4n4yjw4WP0V8PzKPrzR-IM49bXQv0RuocQkFyyN_T_U,Aplikasinya bagus.. Saya beri 5 bintang.. Tapi Harap Tambahkan beberapa fitur Seperti : ‚Äì Save Gambar atau Video ‚Äì Edit Postingan ‚Äì Mode Gelap Dan masih ada Bug bug lainnya,5,8,289.0.0.77.109,2023-07-06 19:56:47,,,289.0.0.77.109
796ddcb0-b9d6-4abb-8939-44b7081523b0,Dicky Arya Saputra,https://play-lh.googleusercontent.com/a-/ALV-UjX119FZOFO7Eg3ElYUa0-SDqHDxLmlF5MtIEcHM0X_81u8,"Aplikasi udah baik. Namun, saya menemukan bug ketika akan membuat thread. Dimana ketika saya pindahkan kursor ke kata awal yang udah ditulis dan ingin mengganti kursor error tidak mau spasi ataupun ditambah huruf. Tolong juga perbaiki tampilannya agar lebih enak dilihat. Tambah juga mode gelap. Dan juga buatkan menu pemilahan antara bukan following dan following Sekian",3,564,289.0.0.77.109,2023-07-06 19:08:50,,,289.0.0.77.109
5cc37e0b-d637-4f38-81d4-c48505b7d543,Ayam Bakar,https://play-lh.googleusercontent.com/a/ACg8ocIWIjEJaDKM43A7RNKJpC3r5PnYhiw-5RgZBZZDlwap=mo,"Udah Bagus, simple, mirip Twitter, cuman belum bisa cek Insight dan Multiply Account. Selain itu belum terdapat fitur Smart Search ataupun Hastag yang populer. Semoga segera ditambah",4,3,289.0.0.77.109,2023-07-06 14:11:39,,,289.0.0.77.109
f36cadc3-fe50-4742-8403-4cac2b8346c1,imam arif rahman,https://play-lh.googleusercontent.com/a-/ALV-UjV4xpPYcvEvNlA6DvUEud0KCBRNM3oECtCp3DbCCKnWSsJy,"Hello mr. burg, saya punya sedikit koreksi untuk aplikasi baru anda. Di bagian explore tolong tampilkan thread dengan like and retweet terbanyak diposisi paling atas, jangan seperti aplikasi sebelah yang mengurutkan tweet sesuai waktunya sehingga untuk trending org banyak melakukan spam.",4,3,289.0.0.77.109,2023-07-06 13:33:30,,,289.0.0.77.109
8e24f4eb-2be0-4cd4-83d0-c274cbc4647e,Khalida Fikriyah,https://play-lh.googleusercontent.com/a/ACg8ocJQm0RsreVyaqo0v_zBQ_VqTVOTyLy9YLffhDsTaVAr=mo,"Sejauh ini cukup bagus. Aku kurang suka karena gak bisa melihat daftar orang yang kuikuti. Gak bisa cari topik yang kuminati juga di bagian pencarian. Saat aku cari Stray Kids misalnya, yang muncul cuma akun-akun terkait.",3,3,289.0.0.77.109,2023-07-06 13:22:22,,,289.0.0.77.109
e242ed83-7247-40d9-ab5e-861edcf0dc9b,Eka Setiani,https://play-lh.googleusercontent.com/a-/ALV-UjXq1EvMpye7IARuScbev8ZzuX00i77KsndxcGO8vYBvN4Rt,"Aku baru coba download, tapi lag. Layarnya gerak terus, tulisan gak bisa kebaca karna dempetan. Mungkin ada penyebab dan solusi gitu supaya bisa makai dengan oke. Tq",3,16,289.0.0.77.109,2023-07-06 12:59:50,,,289.0.0.77.109
164d3206-4ea4-4b3a-aa56-2a98197588e8,„Éá„Éï„É™„Ç∂„É´,https://play-lh.googleusercontent.com/a-/ALV-UjU_Umnq1CJkJUf_QFL9XbHhznhDJEwTuCsM-IgKh7ZQRAY,"Sebenarnya ini aplikasi yang cukup bagus. Tapi alangkah baiknya mohon diperbaiki kembali. Dikarenakan adanya glitch yang cukup menggangu pada halaman beranda.. entah ini dari HP saya, atau memang dari kesalahan aplikasinya. Apabila seluruh aplikasi ini yang sudah terinstal tidak menemukan glitch yang sama seperti saya, what should i do for fixed this glitch?. Terimakasih atas perhatiannya..",3,4,289.0.0.77.109,2023-07-06 12:24:45,,,289.0.0.77.109
3e7ba537-b4e0-4128-bc6b-24a5995789a5,14_FABIAN AL AMIN,https://play-lh.googleusercontent.com/a-/ALV-UjU82N8-OR0YqYykaWAP4Nx5uNg9UKb1je7tr1uIJGCRd68,"Aplikasi sempurna untuk disebut ""penganti Twitter"" yg sudah matang dalam perilisan awal namun perlu pembaharuan lagi untuk kedepannya seperti menghadirkan fitur baru dan hal hal pendukung lainnya. Dan semoga tidak menjadi Twitter seperti sekarang dan akan tetap sama dengan membawa ciri khas tersendiri agar tidak disebut penciplak melainkan aplikasi yg terinspirasi dari Twitter.",5,6,289.0.0.77.109,2023-07-06 11:54:27,,,289.0.0.77.109
6fb7a3f5-384c-4ec8-934a-18ae215f3242,Deren Riandry,https://play-lh.googleusercontent.com/a-/ALV-UjUds8dYa4obJin3s-yYkbDWABAbYhxX3m68L6OYn6zM5A,"selama saya coba, aplikasinya bagus sih gampang dipakai karena UInya simpel dan juga daftarnya pake akun Instagram yang udah ada jadi ga ribet. Cuma kalo bisa sih ditambahin fitur save gambar biar ga repot-repot buat screeshot terus crop manual.",4,180,289.0.0.77.109,2023-07-06 11:46:28,,,289.0.0.77.109
987a1f21-49c9-4a7b-93b6-80c1b8e3fd33,AndraZero121,https://play-lh.googleusercontent.com/a-/ALV-UjWRPm-VMPmHQwKA6UjOgg6w3ocRjnLeHboZkx5OKlyEvFI,"Di aplikasi ini masih terdapat bug yang sangatlah merusak aplikasi, yaitu dimana teks-teks disana saat digeser ke bawah atau atas malah memblok teks lainnya. Mohon untuk diperbaiki segera.",3,26,289.0.0.77.109,2023-07-06 10:48:53,,,289.0.0.77.109
16a2efcc-7853-46b8-97a9-0d91b10bacce,Alfin Rizki,https://play-lh.googleusercontent.com/a-/ALV-UjVnL8UwM_chgVnDnf7adyCB53TXDaSAgCHo9jkBP9tcEs-2,"Menurut ku aplikasi ini sudah sangat bagus. Tampilan U.I nya menarik dan unik. Sementara di aplikasi ini harus punya tambahan fitur lagi yaitu: peningkatan keamanan, Stories, Edit Tweet, melihat bagian media saja, dan melihat bagian apa yang dia sukai di tweet ini. Aku kasih rate 5 untuk aplikasi ini. Walaupun aplikasi masih tahap rilis baru ini",5,15,289.0.0.77.109,2023-07-06 10:44:28,,,289.0.0.77.109
a11a1e45-e862-49c8-92f5-9d479852c1e9,WOKOAnimation,https://play-lh.googleusercontent.com/a-/ALV-UjWzY3CN_y-o65fYruZEltyQ-DgCqMmujndQFtOfFyYlfA,"Fiturnya terbilang masih minim, tapi untuk tampilannya udah cukup bagus nan ringan. Namun, saya harap ke depannya fitur tagar dapat dimaksimalkan lagi.",4,6,289.0.0.77.109,2023-07-06 08:39:25,,,289.0.0.77.109
7b4d2608-ccd8-4409-864b-42eddf9b7e82,Ihfandi,https://play-lh.googleusercontent.com/a-/ALV-UjUPhiT1KlHbU--nwI-O6caMFWs5fWSP4X8m3LIxxSNiUJ4S,"Sejauh ini semua terlihat bagus, terintegrasi antar platform Meta. Khususnya IG & WA. Masukan pertama adalah menambahkan dukungan ikon Material You untuk Android. Saat yang tepat ketika Twitter goyang dikarenakan beberapa isu.",5,8,289.0.0.77.109,2023-07-06 08:26:27,,,289.0.0.77.109
